Workbook
Name Title1: WeeklyMealPlanner[[#Headers],[Weekday]]

Sheet Weekly Meal Planner
B1: Fri-EL Ethiopia Farming & Processing PLC
B2: Main Canteen Meal Planner
C3: Number of Employees served | D3: 153 | E3: Period of the service - August 2025 | G3: Omorate Main Canteen
B4: Weekday | C4: Breakfast | D4: Snack | E4: Lunch | F4: Snack2 | G4: Dinner | H4: Snack3 | I4: Remark
B5: Sunday | C5: Rice with Bread & Tea | E5: Fish stew with Enjera | G5: Macaroni Soup with Bread | H5: Banana
B6: Monday | C6: Macorroni with bread & Tea | D6: Papaya Jiuce | E6: Meat Stew with Enjera | G6: Potato Stew + Moringa with Enjera
B7: Tuesday | C7: Injera Firfir with meat, Bread & Tea | E7: Split peas stew + Cabage with Enjera | F7: Banana | G7: Shiro + Alicha Kik with Enjera
B8: Wednesday | C8: Rice with Haricotbean, Bread & Tea | E8: Split Lentil + Moringa with Enjera | G8: Pasta with tomatoe souce
B9: Thursday | C9: Kinche, Bread & Tea | E9: Meat & potato stew with Enjera | G9: Whole Lentil + Moringa with Enjera
B10: Friday | C10: Pasta with vegetables and tea | D10: Papaya Jiuce | E10: Shiro + Gomen with Enjera | F10: Papaya Jiuce | G10: Rice with potato
B11: Saturday | C11: Tomatoe sauce with bread and tea | E11: Whole lentil + Carrot/beetroot with Enjera | G11: Macoroni with bread
B14: Sunday | C14: Items | D14: U.o.M | E14: Total Quantity | F14: Unit Price | G14: Total Cost
C15: Rice | D15: Kg. | E15: =(D3*Percapita!D7)/1000 -> 30.6 | F15: 140 | G15: =E15*F15 -> 4284
C16: Wheat Flour | D16: Kg. | E16: =((D3*Percapita!D14)/1000)*2 -> 30.6 | F16: 120 | G16: =E16*F16 -> 3672
C17: Teff Flour | D17: Kg. | E17: =(D3*Percapita!D13)/1000 -> 25.5 | F17: 120 | G17: =E17*F17 -> 3060
C18: Fish meat | D18: Kg. | E18: =(D3*Percapita!D3)/1000 -> 30.6 | F18: 400 | G18: =E18*F18 -> 12240
C19: Macaroni | D19: Kg. | E19: =(D3*Percapita!D6)/1000 -> 51 | F19: 140 | G19: =E19*F19 -> 7140
C20: Oil | D20: Lt. | E20: =((D3*Percapita!D11)/1000)*3 -> 11.475 | F20: 340 | G20: =E20*F20 -> 3901.5
C21: Onion | D21: Kg. | E21: =((D3*Percapita!D8)/1000)*3 -> 11.475 | F21: =Percapita!F8 -> 100 | G21: =E21*F21 -> 1147.5
C22: Salt | D22: Kg. | E22: =((D3*Percapita!D20)/1000)*3 -> 0.2295 | F22: =Percapita!F20 -> 50 | G22: =E22*F22 -> 11.475
C23: Sugar | D23: Kg. | E23: =(D3*Percapita!D15)/1000 -> 2.295 | F23: =Percapita!F15 -> 160 | G23: =E23*F23 -> 367.2
C24: Tea | D24: Pkt | E24: =(D3*Percapita!D26) -> 1.224 | F24: =Percapita!F26 -> 35 | G24: =E24*F24 -> 42.84
B27: Monday | C27: Macaroni | D27: Kg. | E27: =(D3*Percapita!D6)/1000 -> 51 | F27: =+F19 -> 140 | G27: =E27*F27 -> 7140
C28: Wheat Flour | D28: Kg. | E28: =(D3*Percapita!D14)/1000 -> 15.3 | F28: =+Percapita!F14 -> 120 | G28: =E28*F28 -> 1836
C29: Teff Flour | D29: Kg. | E29: =((D3*Percapita!D13)/1000)*2 -> 51 | F29: =+Percapita!F13 -> 120 | G29: =E29*F29 -> 6120
C30: Meat | D30: Kg. | E30: =(D3*Percapita!D4)/1000 -> 30.6 | F30: =+Percapita!F4 -> 1200 | G30: =E30*F30 -> 36720
C31: Oil | D31: Lt. | E31: =((D3*Percapita!D11/1000)*3) -> 11.475 | F31: =+Percapita!F11 -> 340 | G31: =E31*F31 -> 3901.5
C32: Onion | D32: Kg. | E32: =((D3*Percapita!D8)/1000)*3 -> 11.475 | F32: =+Percapita!F8 -> 100 | G32: =E32*F32 -> 1147.5
C33: Salt | D33: Kg. | E33: =((Percapita!D20*'Weekly Meal Planner'!D3)/1000)*3 -> 0.2295 | F33: =+Percapita!F20 -> 50 | G33: =E33*F33 -> 11.475
C34: Sugar | D34: Kg. | E34: =(D3*Percapita!D15)/1000 -> 2.295 | F34: =+Percapita!F15 -> 160 | G34: =E34*F34 -> 367.2
C35: Tea | D35: Pkt | E35: =(D3*Percapita!D26) -> 1.224 | F35: =+Percapita!F26 -> 35 | G35: =E35*F35 -> 42.84
C36: Pepper | D36: Kg. | E36: =((D3*Percapita!D10)/1000)*2 -> 3.825 | F36: =+Percapita!F10 -> 680 | G36: =E36*F36 -> 2601
C37: Potato | D37: Kg. | E37: =(D3*Percapita!D23)/1000 -> 15.3 | F37: =+Percapita!F23 -> 50 | G37: =E37*F37 -> 765
C38: Moringa | D38: Esir | E38: =(Percapita!H24*0) -> 0 | G38: =E38*F38 -> 0
C39: Garlic | D39: Kg. | E39: =((D3*Percapita!D12)/1000)*2 -> 1.36 | F39: =+Percapita!F12 -> 400 | G39: =E39*F39 -> 544
B41: Tuesday | C41: Wheat Flour | D41: Kg. | E41: =(D3*Percapita!D14)/1000 -> 15.3 | F41: =+Percapita!F14 -> 120 | G41: =E41*F41 -> 1836
C42: Teff Flour | D42: Kg. | E42: =((D3*Percapita!D13)/1000)*3 -> 76.5 | F42: =+Percapita!F13 -> 120 | G42: =E42*F42 -> 9180
C43: Meat | D43: Kg. | E43: =(D3*Percapita!D4)/1000/2 -> 15.3 | F43: =+Percapita!F4 -> 1200 | G43: =E43*F43 -> 18360
C44: Oil | D44: Lt. | E44: =((D3*Percapita!D11)/1000)*3 -> 11.475 | F44: =+Percapita!F11 -> 340 | G44: =E44*F44 -> 3901.5
C45: Onion | D45: Kg. | E45: =((D3*Percapita!D8)/1000)*5 -> 19.125 | F45: =+Percapita!F8 -> 100 | G45: =E45*F45 -> 1912.5
C46: Salt | D46: Kg. | E46: =((D3*Percapita!D20)/1000)*5 -> 0.3825 | F46: =+Percapita!F20 -> 50 | G46: =E46*F46 -> 19.125
C47: Sugar | D47: Kg. | E47: =(D3*Percapita!D15)/1000 -> 2.295 | F47: =+Percapita!F15 -> 160 | G47: =E47*F47 -> 367.2
C48: Tea | D48: Pkt | E48: =(D3*Percapita!D26) -> 1.224 | F48: =+Percapita!F26 -> 35 | G48: =E48*F48 -> 42.84
C49: Pepper | D49: Kg. | E49: =((D3*Percapita!D10)/1000)*3 -> 5.7375 | F49: =+Percapita!F10 -> 680 | G49: =E49*F49 -> 3901.5
C50: Cabbage | D50: Esir | E50: =(D3*Percapita!D21) -> 2.04 | F50: =+Percapita!F21 -> 400 | G50: =E50*F50 -> 816
C51: Peas | D51: Kg. | E51: =(D3*Percapita!D16)/1000 -> 3.825 | F51: =+Percapita!F16 -> 200 | G51: =E51*F51 -> 765
C52: Shiro | D52: Kg. | E52: =(D3*Percapita!D17)/1000 -> 15.3 | F52: =+Percapita!F17 -> 220 | G52: =E52*F52 -> 3366
C53: Garlic | D53: Kg. | E53: =((Percapita!D8*'Weekly Meal Planner'!D3)/1000)*4 -> 15.3 | F53: =+Percapita!F12 -> 400 | G53: =E53*F53 -> 6120
C54: Turmeric | D54: Kg. | E54: =(D3*Percapita!D19)/1000 -> 0.0765 | F54: =+Percapita!F19 -> 1000 | G54: =E54*F54 -> 76.5
B56: Wednesday | C56: Rice | D56: Kg. | E56: =(D3*Percapita!D7)/1000 -> 30.6 | F56: =+Percapita!F7 -> 140 | G56: =E56*F56 -> 4284
C57: Haricotbean | D57: Kg. | E57: =+(D3*Percapita!D28)/1000 -> 11.475 | F57: =+Percapita!F28 -> 180 | G57: =E57*F57 -> 2065.5
C58: Wheat Flour | D58: Kg. | E58: =+(D3*Percapita!D14)/1000 -> 15.3 | F58: =+Percapita!F14 -> 120 | G58: =E58*F58 -> 1836
C59: Teff Flour | D59: Kg. | E59: =(D3*Percapita!D13)/1000 -> 25.5 | F59: =+Percapita!F13 -> 120 | G59: =E59*F59 -> 3060
C60: Oil | D60: Lt. | E60: =((D3*Percapita!D11)/1000)*4 -> 15.3 | F60: =+Percapita!F11 -> 340 | G60: =E60*F60 -> 5202
C61: Onion | D61: Kg. | E61: =((D3*Percapita!D8)/1000)*4 -> 15.3 | F61: =+Percapita!F8 -> 100 | G61: =E61*F61 -> 1530
C62: Salt | D62: Kg. | E62: =((D3*Percapita!D20)/1000)*4 -> 0.306 | F62: =+Percapita!F20 -> 50 | G62: =E62*F62 -> 15.3
C63: Sugar | D63: Kg. | E63: =(D3*Percapita!D15)/1000 -> 2.295 | F63: =+Percapita!F15 -> 160 | G63: =E63*F63 -> 367.2
C64: Tea | D64: Pkt. | E64: =(D3*Percapita!D26) -> 1.224 | F64: =+Percapita!F26 -> 35 | G64: =E64*F64 -> 42.84
C65: Split Lentil | D65: Kg. | E65: =(D3*Percapita!D18)/1000 -> 1.9125 | F65: =+Percapita!F18 -> 270 | G65: =E65*F65 -> 516.375
C66: Moringa | D66: Esir | G66: =E66*F66 -> 0
C67: Pasta | D67: Kg. | E67: =(D3*Percapita!D5)/1000 -> 19.125 | F67: =+Percapita!F5*2 -> 180 | G67: =E67*F67 -> 3442.5
C68: Tomato | D68: Kg. | E68: =(D3*Percapita!D9)/1000 -> 5.355 | F68: =+Percapita!F9 -> 65 | G68: =E68*F68 -> 348.075
C69: Pepper | D69: Kg. | E69: =((D3*Percapita!D10)/1000)*2 -> 3.825 | F69: =+Percapita!F10 -> 680 | G69: =E69*F69 -> 2601
B72: Thursday
C73: Kinche | D73: Kg. | E73: =(D3*Percapita!D29)/1000 -> 22.95 | F73: =Percapita!F29 -> 325 | G73: =E73*F73 -> 7458.75
C74: Wheat Flour | D74: Kg. | E74: =(D3*Percapita!D14)/1000 -> 15.3 | F74: =+Percapita!F14 -> 120 | G74: =E74*F74 -> 1836
C75: Teff Flour | D75: Kg. | E75: =((D3*Percapita!D13)/1000)*2 -> 51 | F75: =Percapita!F13 -> 120 | G75: =E75*F75 -> 6120
C76: Oil | D76: Lt. | E76: =((D3*Percapita!D11)/1000)*4 -> 15.3 | F76: =Percapita!F11 -> 340 | G76: =E76*F76 -> 5202
C77: Onion | D77: Kg. | E77: =((Percapita!D8*'Weekly Meal Planner'!D3)/1000)*4 -> 15.3 | F77: =Percapita!F8 -> 100 | G77: =E77*F77 -> 1530
C78: Salt | D78: Kg. | E78: =((D3*Percapita!D20)/1000)*4 -> 0.306 | F78: =Percapita!F20 -> 50 | G78: =E78*F78 -> 15.3
C79: Sugar | D79: Kg. | E79: =(D3*Percapita!D15)/1000 -> 2.295 | F79: =Percapita!F15 -> 160 | G79: =E79*F79 -> 367.2
C80: Tea | D80: Pkt. | E80: =(D3*Percapita!D26) -> 1.224 | F80: =Percapita!F26 -> 35 | G80: =E80*F80 -> 42.84
C81: Whole Lentil | D81: Kg. | E81: =(D3*Percapita!F30)/1000 -> 45.9 | F81: =Percapita!F30 -> 300 | G81: =E81*F81 -> 13770
C82: Moringa | D82: Kg. | F82: 0 | G82: =E82*F82 -> 0
C83: Potato | D83: Kg. | E83: =(D3*Percapita!D23)/1000 -> 15.3 | F83: =Percapita!F23 -> 50 | G83: =E83*F83 -> 765
C84: Pepper | D84: Kg. | E84: =((D3*Percapita!D10)/1000)*2 -> 3.825 | F84: =Percapita!F23 -> 50 | G84: =E84*F84 -> 191.25
C85: Meat | D85: Kg. | E85: =(D3*Percapita!D4)/1000 -> 30.6 | F85: =Percapita!F4 -> 1200 | G85: =E85*F85 -> 36720
C86: Garlic | D86: Kg. | E86: =((D3*Percapita!D12)/1000)*2 -> 1.36 | F86: =Percapita!F12 -> 400 | G86: =E86*F86 -> 544
B88: Friday | C88: Pasta | D88: Kg. | E88: =(D3*Percapita!D5)/1000 -> 19.125 | F88: =Percapita!F5 -> 90 | G88: =E88*F88 -> 1721.25
C89: Cabbage | D89: Esir | E89: =((D3*Percapita!D21)*2) -> 4.08 | F89: =Percapita!F21 -> 400 | G89: =E89*F89 -> 1632
C90: Carrot | D90: Kg. | E90: =(D3*Percapita!D25)/1000 -> 3.825 | F90: =Percapita!F25 -> 60 | G90: =E90*F90 -> 229.5
C91: Shiro | D91: Kg. | E91: =(D3*Percapita!D17)/1000 -> 15.3 | F91: =Percapita!F17 -> 220 | G91: =E91*F91 -> 3366
C92: Rice | D92: Kg. | E92: =(D3*Percapita!D7)/1000 -> 30.6 | F92: =Percapita!F7 -> 140 | G92: =E92*F92 -> 4284
C93: Potato | D93: Kg. | E93: =(D3*Percapita!D23)/1000 -> 15.3 | F93: =Percapita!F23 -> 50 | G93: =E93*F93 -> 765
C94: Wheat floar | D94: Kg. | E94: =((D3*Percapita!D14)/1000)*2 -> 30.6 | F94: =Percapita!F14 -> 120 | G94: =E94*F94 -> 3672
C95: Garlic | D95: Kg. | E95: =(D3*Percapita!D12)/1000 -> 0.68 | F95: =Percapita!F12 -> 400 | G95: =E95*F95 -> 272
C96: Tea | D96: Pkt. | E96: =(D3*Percapita!D26) -> 1.224 | F96: =Percapita!F26 -> 35 | G96: =E96*F96 -> 42.84
B98: Saturday | C98: Tomato | D98: Kg. | E98: =(D3*Percapita!D9)/1000 -> 5.355 | F98: =Percapita!F9 -> 65 | G98: =E98*F98 -> 348.075
C99: Oil | D99: Lt. | E99: =((D3*Percapita!D11)/1000)*4 -> 15.3 | F99: =Percapita!F11 -> 340 | G99: =E99*F99 -> 5202
C100: Onion | D100: Kg. | E100: =((D3*Percapita!D8)/1000)*4 -> 15.3 | F100: =Percapita!F8 -> 100 | G100: =E100*F100 -> 1530
C101: Salt | D101: Kg. | E101: =((D3*Percapita!D20)/1000)*4 -> 0.306 | F101: =Percapita!F20 -> 50 | G101: =E101*F101 -> 15.3
C102: Garlic | D102: Kg. | E102: =((D3*Percapita!D8)/1000)*2 -> 7.65 | F102: =Percapita!F12 -> 400 | G102: =E102*F102 -> 3060
C103: Wheat floar | D103: Kg. | E103: =((D3*Percapita!D14)/1000)*2 -> 30.6 | F103: =Percapita!F14 -> 120 | G103: =E103*F103 -> 3672
C104: Teff | D104: Kg. | E104: =(D3*Percapita!D13)/1000 -> 25.5 | F104: =Percapita!F13 -> 120 | G104: =E104*F104 -> 3060
C105: Tea | D105: Pkt. | E105: =(D3*Percapita!D26) -> 1.224 | F105: =Percapita!F26 -> 35 | G105: =E105*F105 -> 42.84
C106: Whole Lentil | D106: Kg. | E106: =(D3*Percapita!D30)/1000 -> 3.06 | F106: =Percapita!F30 -> 300 | G106: =E106*F106 -> 918
C107: Beetroot | D107: Kg. | E107: =(D3*Percapita!D24)/1000 -> 7.65 | F107: =Percapita!F24 -> 50 | G107: =E107*F107 -> 382.5
C108: Macoroni | D108: Kg. | E108: =(D3*Percapita!D6)/1000 -> 51 | F108: =Percapita!F6 -> 140 | G108: =E108*F108 -> 7140

Sheet Percapita
A1: የነፍስ ወከፍ ፍላጎት ስሌት
A2: ተ.ቁ | B2: የዕቃዉ ዓይነት | C2: መለኪያ | D2: ለአንድ ሰው | E2: መለኪያ2 | F2: ዋጋ
A3: 1 | B3: አሳ | C3: ግራም | D3: 200 | E3: ኪሎ | F3: 400
A4: 2 | B4: ስጋ | C4: ግራም | D4: 200 | E4: ኪሎ | F4: 1200
A5: 3 | B5: ፓሰታ | C5: ግራም | D5: =500/4 -> 125 | E5: 1/2ኪ | F5: 90
A6: 4 | B6: መኮረኒ | C6: ግራም | D6: =1000/3 -> 333.33333 | E6: ኪሎ | F6: 140
A7: 5 | B7: ሩዝ | C7: ግራም | D7: =1000/5 -> 200 | E7: " | F7: 140
A8: 6 | B8: ቀይ ሽንኩርት | C8: ግራም | D8: 25 | E8: " | F8: 100 | H8: =200/1000 -> 0.2
A9: 7 | B9: ቲማቲም | C9: ግራም | D9: 35 | E9: " | F9: 65
A10: 8 | B10: በርበሬ | C10: ግራም | D10: =250/20 -> 12.5 | E10: " | F10: =170*4 -> 680
A11: 9 | B11: ዘይት | C11: ሚሊ | D11: =500/20 -> 25 | E11: ሊትር | F11: =1700/5 -> 340
A12: 10 | B12: ነጭ ሽንኩርት | C12: ግራም | D12: =8000/30/3/20 -> 4.4444444 | E12: ኪሎ | F12: 400
A13: 11 | B13: ጤፍ | C13: ግራም | D13: =1000/6 -> 166.66667 | E13: ኪሎ | F13: =6000/50 -> 120
A14: 12 | B14: ፉርኖ ዱቄት | C14: ግራም | D14: 100 | E14: ኪሎ | F14: 120
A15: 13 | B15: ስኳር | C15: ግራም | D15: 15 | E15: ኪሎ | F15: 160
A16: 14 | B16: አተር ክክ | C16: ግራም | D16: 25 | E16: ኪሎ | F16: 200
A17: 15 | B17: ሸሮ | C17: ግራም | D17: 100 | E17: ኪሎ | F17: 220
A18: 16 | B18: ድፍን ምስር | C18: ግራም | D18: =250/20 -> 12.5 | E18: ኪሎ | F18: 270
A19: 17 | B19: እርድ | C19: ግራም | D19: 0.5 | E19: ኪሎ | F19: =4*250 -> 1000
A20: 18 | B20: ጨው | C20: ግራም | D20: 0.5 | E20: ኪሎ | F20: 50
A21: 19 | B21: አበሻ ጎመን | C21: እስር | D21: =2/150 -> 0.013333333 | E21: እስር | F21: 400
A22: 20 | B22: ጥቅል ጎመን | C22: ግራም | D22: =1000/10 -> 100 | E22: ኪሎ
A23: 21 | B23: ድንች | C23: ግራም | D23: =100 -> 100 | E23: ኪሎ | F23: 50
A24: 22 | B24: ቀይ ስር | C24: ግራም | D24: 50 | E24: ኪሎ | F24: 50
A25: 23 | B25: ካሮት | C25: ግራም | D25: 25 | E25: ኪሎ | F25: 60
A26: 24 | B26: ሻይ ቅጠል | C26: ፓኬት | D26: =1.2/150 -> 0.008 | E26: ፓኬት | F26: 35
A27: 25 | B27: ሻይ ቅመም | C27: እሽግ | D27: =3/30/150 -> 0.00066666667 | E27: እሽግ
A28: 26 | B28: ቦለቄ | C28: ግራም | D28: 75 | E28: ኪሎ | F28: 180
A29: 27 | B29: ቅንጬ | C29: ግራም | D29: 150 | E29: ኪሎ | F29: 325
A30: 28 | B30: ምስር | C30: ግራም | D30: 20 | E30: ኪሎ | F30: 300
